{"A2": [1.832027407095728, -1.1193459801201482, 0.398040573660699, -0.596647693308772, 0.42714437850751064, -0.022201316292557505, 0.20160483716311708, -0.40608130805110265, 0.011850990429893233, 0.32696046720819333, -0.39593529200014327, 0.1842553884147681, 0.028106124267619038, 0.04854546744089117, -0.08903463364532412], "A1": [0.5154162955078125, 0.022898639700560764, 0.9205796946833168, 0.1309722251125438, -0.2345034758174943, -0.796313597188846, -0.2049700607548024, -0.13889889994010668, 0.530523957487588, 0.04920074307780084, 0.12051397899261207, -0.058752051414741505, -0.0727838604434787, -0.06344769177936188, -0.022369388699553225], "A3": [0.5556065632382842, 0.4403121078063272, 0.8748352168861229, -0.31370505174503227, -0.5367058154042679, -0.8689382488849096, 0.4221563338689495, 0.45901308309128797, 0.1013095212184261, -0.16811005714138771, -0.232243353626987, 0.08036279461795648, 0.04823354369731655, 0.06211285499521076, -0.06643879204174982]}